smiles,solubility
CNC(=O)Oc1cccc2CC(C)(C)Oc12,-2.8
C1C=CCC=C1,-2.06
CC(=O)Nc1ccc(Cl)cc1,-2.843
Clc1ccc(Cl)c(c1)c2cccc(Cl)c2Cl ,-6.47
O=C1CCCN1,1.0700000000000003
Nc1ccc(cc1)c2ccc(N)cc2,-2.7
Nc1cccc2ccccc12,-1.92
CCCN(CCC)c1c(cc(cc1N(=O)=O)C(C)C)N(=O)=O,-6.49
Brc1ccccc1Br,-3.5
ClC(=C(Cl)Cl)Cl,-2.54
CCCC=C,-2.68
NC(=S)Nc1ccccc1,-1.77
Cc1ccccc1n3c(C)nc2ccccc2c3=O,-2.925
Fc1c[nH]c(=O)[nH]c1=O ,-1.077
OCCCC=C,-0.1499999999999999
CCCCC(C)(O)CC,-1.6
Cc1cccc(C)c1NC(=O)c2cc(c(Cl)cc2O)S(N)(=O)=O,-3.79
CCCOP(=S)(OCCC)SCC(=O)N1CCCCC1C,-4.15
Clc1cc(Cl)c(cc1Cl)c2cc(Cl)c(Cl)cc2Cl ,-8.560000000000002
O=N(=O)c1cc(cc(c1)N(=O)=O)N(=O)=O,-2.89
O=C1NC(=O)NC(=O)C1(CC)CC=C,-1.614
Clc1cccc(c1)N(=O)=O,-2.77
CCCCCCCCC(=O)OCC,-3.8
CCSCc1ccccc1OC(=O)NC ,-2.09
O=C1CCC(=O)N1,0.2999999999999998
O=c2[nH]c1CCCc1c(=O)n2C3CCCCC3,-4.593999999999999
c1c(Cl)cccc1c2ccccc2,-4.88
CCCCCCCCCCCCCCO,-5.84
O=C1N(C2CCC(=O)NC2=O)C(=O)c3ccccc13,-2.676
O=C(C=CC=Cc2ccc1OCOc1c2)N3CCCCC3,-3.46
COP(=S)(OC)Oc1cc(Cl)c(I)cc1Cl,-6.62
COc1ccccc1O ,-1.96
CC(=C)C1CC=C(C)C(=O)C1,-2.06
CCO,1.0999999999999996
CN(C)c1ccccc1,-1.92
OC(c1ccc(Cl)cc1)(c2ccc(Cl)cc2)C(Cl)(Cl)Cl,-5.666
COP(=S)(OC)Oc1ccc(Sc2ccc(OP(=S)(OC)OC)cc2)cc1,-6.237
CCc1ccccn1,0.5099999999999998
COC(=O)C1=C(C)NC(=C(C1c2ccccc2N(=O)=O)C(=O)OC)C ,-4.76
Cc1ccc(cc1N(=O)=O)N(=O)=O,-2.82
CCCCCC1CCCC1,-6.08
CC4CC3C2CCC1=CC(=O)C=CC1(C)C2(F)C(O)CC3(C)C4(O)C(=O)COC(C)=O ,-4.9
CC1CO1,-0.5899999999999999
CCCCC#C,-2.36
OCC(O)C(O)C(O)C(O)CO,1.0899999999999999
CCCCBr,-2.37
CN(C)C(=O)N(C)C ,0.94
CCCCCC(C)C,-5.08
ClC1C(Cl)C(Cl)C(Cl)C(Cl)C1Cl,-4.64
Oc1ccc2ccccc2c1,-2.28
Cc3nnc4CN=C(c1ccccc1Cl)c2cc(Cl)ccc2n34,-4.09
CCCCCCCCCCCCCCCC,-8.4
CCOCCOCC,-0.77
c1ccccc1C(O)c2ccccc2,-2.55
OCC1OC(O)(CO)C(O)C1O,0.6399999999999997
COC1=CC(=O)CC(C)C13Oc2c(Cl)c(OC)cc(OC)c2C3=O,-3.2460000000000004
CCCCCCCCCCCCCCCO,-6.35
CCc1cccc(C)c1N(C(C)COC)C(=O)CCl ,-2.73
C1c2ccccc2c3cc4ccccc4cc13,-8.04
CCNc1nc(Cl)nc(NC(C)C)n1,-3.85
CC(=O)OCC(=O)C3(O)CCC4C2CCC1=CC(=O)C=CC1(C)C2C(O)CC34C ,-4.37
COC(=O)C,0.45999999999999996
c1ccc(Cl)cc1C(c2ccc(Cl)cc2)(O)C(=O)OC(C)C,-4.53
CCCOC=O,-0.4900000000000002
CCCc1ccccc1,-3.37
CC(C)OC(=O)C(O)(c1ccc(Br)cc1)c2ccc(Br)cc2 ,-4.93
O=Cc1ccco1,-0.10000000000000009
CCCCCCC(=O)OCC,-2.74
O=N(=O)c1ccccc1N(=O)=O,-3.1
C1CCOC1,0.4900000000000002
OCC2OC(Oc1ccccc1CO)C(O)C(O)C2O,-0.8500000000000001
c1ccc2cc3ccccc3cc2c1,-6.35
c1ccc2c(c1)sc3ccccc23,-4.38
ClC1C=CC2C1C3(Cl)C(=C(Cl)C2(Cl)C3(Cl)Cl)Cl,-6.317
CCCCN(CC)C(=O)SCCC,-3.53
CCOC(C)OCC,-0.43000000000000016
CCCC(O)CC,-0.7999999999999998
CC(=O)OCC(COC(=O)C)OC(=O)C,-0.6000000000000001
CCN(CC)C(=O)C(=CCOP(=O)(OC)OC)Cl,0.5230000000000001
O=C1NC(=O)NC(=O)C1(CC=C)CC=C,-2.077
Brc1ccc(I)cc1,-4.56
CC(=O)SC4CC1=CC(=O)CCC1(C)C5CCC2(C)C(CCC23CCC(=O)O3)C45,-4.173
Brc1ccc(Br)cc1,-4.07
CCOP(=S)(OCC)SCSP(=S)(OCC)OCC,-5.54
CCCCCCCC,-5.24
CCCCCCCCO,-2.39
CN(C)C(=O)Nc1ccc(Cl)c(Cl)c1,-3.8
CCCCCCCC(=O)OCC,-3.39
Clc1ccccc1Cl,-3.05
COC(C)(C)C,-0.2400000000000002
Nc1ccc(cc1)S(N)(=O)=O,-1.34
CCI,-1.6
CC=CC=O,0.31999999999999984
ClC(Cl)C(Cl)Cl,-1.74
c1ccc2ccccc2c1,-3.6
CCC(C)n1c(=O)[nH]c(C)c(Br)c1=O ,-2.523
CCNc1nc(Cl)nc(NCC)n1 ,-4.55
CC=C(C)C,-2.56
O=C1N(COC(=O)C)C(=O)C(N1)(c2ccccc2)c3ccccc3,-4.47
c1ccc2cc3cc4ccccc4cc3cc2c1,-8.6
CCOP(=S)(OCC)SCSCC,-4.11
CC(C)COC=O,-1.0099999999999998
CC(C#C)N(C)C(=O)Nc1ccc(Cl)cc1,-3.9
CON(C)C(=O)Nc1ccc(Cl)c(Cl)c1,-3.592
c1cc(O)c(O)c2OCC3(O)CC4=CC(=O)C(O)=CC4=C3c21,-2.7
COc1cccc(Cl)c1,-2.78
CCSC(=O)N(CC)C1CCCCC1 ,-3.4
CC(C)C(Nc1ccc(cc1Cl)C(F)(F)F)C(=O)OC(C#N)c2cccc(Oc3ccccc3)c2,-8.003
CNN,1.3399999999999999
C1N(C(=O)NCC(C)C)C(=O)NC1,-2.15
Clc1cccc(c1)c2cc(Cl)ccc2Cl ,-6.01
CCCC1CCCC1,-4.74
O=C1NC(=O)C(N1)(c2ccccc2)c3ccccc3,-4.097
CC(C)SC(C)C,-2.24
Oc1c(Cl)ccc(Cl)c1Cl,-2.64
CCOc1ccc(NC(N)=O)cc1,-2.17
CC12CCC(CC1)C(C)(C)O2,-1.74
Nc1ccc(O)cc1,-0.7999999999999998
NC(=O)CCl ,-0.020000000000000018
Cc1cccnc1C,0.3799999999999999
CCN(Cc1c(F)cccc1Cl)c2c(cc(cc2N(=O)=O)C(F)(F)F)N(=O)=O,-6.78
CC(=O)Nc1ccc(Br)cc1,-3.083
CCN(CC)C(=O)C(C)Oc1cccc2ccccc12 ,-3.57
CC(C)(C)Cc1ccccc1,-4.15
CN(C)C(=O)Nc1ccc(Cl)cc1,-2.89
O=C1NC(=O)NC(=O)C1(C)C,-1.742
CCCC(=O)C,-0.18999999999999995
CC1CCCC1,-3.3
C1CCCCCC1,-3.51
ClC1(C2(Cl)C3(Cl)C4(Cl)C5(Cl)C1(Cl)C3(Cl)Cl)C5(Cl)C(Cl)(Cl)C24Cl,-6.8
CBr,-0.7900000000000005
Brc1cc(Br)c(Br)cc1Br,-6.98
Oc1ccc(Cl)c(Cl)c1,-1.25
Cc1cccc(C)c1O,-1.29
CC(=C)C=C,-2.03
COC(=O)c1cc(O)c(O)c(O)c1 ,-1.24
CCCCC,-3.18
CC12CC(O)C3C(CCC4=CC(=O)C=CC34C)C2CCC1(O)C(=O)CO,-3.18
CCOC(=O)C,-0.040000000000000036
COc1ccccc1N(=O)=O,-1.96
C1CCC=CCC1,-3.18
COP(=S)(OC)Oc1ccc(cc1Cl)N(=O)=O,-4.31
CCc1ccc2ccccc2c1,-4.29
O=C1NC(=O)C(=O)N1 ,-0.3999999999999999
CCC(C)C,-3.18
CCCCCCCCC,-5.88
Oc1ccccn1,1.0200000000000005
CCCCCO,-0.6000000000000001
CCC,-1.94
CCCCCCC(=O)C,-2.05
COP(=S)(OC)SCC(=O)N(C)C=O,-1.995
O=C1N(COC(=O)CCCC)C(=O)C(N1)(c2ccccc2)c3ccccc3,-4.678
CC(C)(C)c1ccc(O)cc1,-2.41
N#Cc1ccccc1C#N,-2.38
CC(C)C(C)C(C)C,-4.8
OC3N=C(c1ccccc1Cl)c2cc(Cl)ccc2NC3=O,-3.604
ClC=C(Cl)Cl,-1.96
Clc1cccc(Cl)c1c2c(Cl)cccc2Cl ,-7.39
CC(=O)Nc1ccc(cc1)N(=O)=O,-2.692
CC1(C)C(C=C(Cl)Cl)C1C(=O)OC(C#N)c2ccc(F)c(Oc3ccccc3)c2,-7.337000000000001
c1ccccc1NC(=O)c2c(O)cccc2,-3.59
CCCC=O,-0.009999999999999787
c1(O)c(C)ccc(C(C)C)c1,-2.08
CCCCCCO,-1.24
CCCOC(=O)CC,-0.8199999999999998
c1ccc2ncccc2c1,-1.3
CSC,-0.4500000000000002
CCCC(=C)C,-3.03
c1ccc2c(c1)c3ccccc3c4ccccc24,-6.726
Oc2ccc1ncccc1c2 ,-2.16
CO,1.5700000000000003
COc2c1occc1c(OC)c3c(=O)cc(C)oc23 ,-3.0210000000000004
CC34CC(O)C1(F)C(CCC2=CC(=O)CCC12C)C3CCC4(O)C(=O)CO ,-3.43
CCCCCCCC(=O)OC,-3.17
Oc1ccc(cc1)N(=O)=O,-0.7400000000000002
Cc1c[nH]c2ccccc12 ,-2.42
CNC(=O)Oc1cccc2ccccc12,-3.224
CCCCOC(=O)c1ccccc1C(=O)OCCCC ,-4.4
CN2C(=C(O)c1ccccc1S2(=O)=O)C(=O)Nc3ccccn3 ,-4.16
CC(=O)OCC(=O)C3(O)C(CC4C2CCC1=CC(=O)C=CC1(C)C2(F)C(O)CC34C)OC(C)=O ,-4.13
Clc1ccc(I)cc1,-4.03
ClC(Cl)CC(=O)NC2=C(Cl)C(=O)c1ccccc1C2=O,-5.03
CNC(=O)Oc1cccc(N=CN(C)C)c1,-2.34
CC(=C)C(=C)C,-2.4
CC(=O)OC3(CCC4C2C=C(C)C1=CC(=O)CCC1(C)C2CCC34C)C(C)=O ,-5.35
CCC(O)(CC)CC,-0.8500000000000001
Clc1ccc(cc1)C(c2ccc(Cl)cc2)C(Cl)(Cl)Cl,-7.15
CN(C)C(=O)Nc1cccc(OC(=O)NC(C)(C)C)c1 ,-2.93
CCCCc1ccccc1,-4.06
Cc3ccnc4N(C1CC1)c2ncccc2C(=O)Nc34 ,-3.19
Clc1ccc(Cl)c(c1)c2cc(Cl)c(Cl)c(Cl)c2Cl,-7.68
ClC1(C(=O)C2(Cl)C3(Cl)C14Cl)C5(Cl)C2(Cl)C3(Cl)C(Cl)(Cl)C45Cl,-5.259
CCOC(=O)c1ccc(O)cc1,-2.35
Nc1ccc(cc1)S(=O)(=O)c2ccc(N)cc2,-3.094
c2ccc1NCCc1c2 ,-1.04
Fc1cccc(F)c1,-2.0
ClC(Cl)C(c1ccc(Cl)cc1)c2ccc(Cl)cc2,-7.2
Oc1cccc2ncccc12 ,-2.54
Cc1cc(=O)[nH]c(=S)[nH]1,-2.436
Nc1ccccc1O,-0.7199999999999998
Cc1ccc2cc(C)ccc2c1,-4.89
O=C1NC(=O)NC(=O)C1(C)CC=C,-1.16
CCCCC(=O)OCC,-2.25
CCN(CC(C)=C)c1c(cc(cc1N(=O)=O)C(F)(F)F)N(=O)=O,-6.124
CCCCCCCCCC(C)O,-2.94
Cc1ccccc1Br,-2.23
COc2ncc1nccnc1n2,-1.11
Oc2cc(O)c1C(=O)CC(Oc1c2)c3ccc(O)c(O)c3,-3.62
CC(C)Cc1ccccc1,-4.12
CCC1(C(=O)NC(=O)NC1=O)C2=CCC3CCC2C3,-2.696
CN(C)c2c(C)n(C)n(c1ccccc1)c2=O ,-0.3639999999999999
NS(=O)(=O)c2cc1c(NC(NS1(=O)=O)C(Cl)Cl)cc2Cl ,-2.68
Oc1cccc(Cl)c1,-0.7000000000000002
Fc1ccccc1,-1.8
CC(=O)N,1.58
CC(C)OC(=O)Nc1cccc(Cl)c1,-3.38
CC12CCC3C(CCC4=CC(=O)CCC34C)C2CCC1C(=O)CO,-3.45
CCCCSP(=O)(SCCCC)SCCCC,-5.14
Oc1cccc(O)c1,0.81
CC(C)CCC(C)(C)C,-5.05
O=N(=O)c1ccc(cc1)N(=O)=O,-3.39
C1c2ccccc2c3ccc4ccccc4c13,-6.68
CCOP(=O)(OCC)OCC,0.43000000000000016
c1ccc(cc1)c2ccccc2,-4.345
O=C1NC(=O)NC(=O)C1(CC)C(C)C,-2.148
CCCOC(=O)C,-0.7199999999999998
CCN(CC)c1nc(Cl)nc(NC(C)C)n1,-3.785
CC,-1.36
CC(=O)OCC(=O)C3(O)CCC4C2CCC1=CC(=O)CCC1(C)C2C(=O)CC34C ,-4.21
CCN2c1nc(C)cc(C)c1NC(=O)c3cccnc23 ,-4.553999999999999
COc2cc1c(N)nc(nc1c(OC)c2OC)N3CCN(CC3)C(=O)OCC(C)(C)O ,-3.638
O=c1[nH]cnc2[nH]ncc12 ,-2.266
O=C(Cn1ccnc1N(=O)=O)NCc2ccccc2,-2.81
COc1ccc(cc1)C(O)(C2CC2)c3cncnc3 ,-2.596
CC1=CCCCC1,-3.27
C1CCC2CCCCC2C1,-5.19
CCC#C,-1.24
CC1OC(CC(O)C1O)OC2C(O)CC(OC2C)OC8C(O)CC(OC7CCC3(C)C(CCC4C3CCC5(C)C(CCC45O)C6=CC(=O)OC6)C7)OC8C ,-5.292999999999999
CCCC(C)C1(CC)C(=O)NC(=S)NC1=O ,-3.36
CC1=C(SCCO1)C(=O)Nc2ccccc2,-3.14
CC#N,0.2599999999999998
Brc1cc(Br)cc(Br)c1,-5.6
NC(=O)c1ccccc1O,-1.82
CC(C)N(=O)=O,-0.6200000000000001
CN(C)C(=O)C,1.1100000000000003
CCC1(CC)C(=O)NC(=O)N(C)C1=O ,-2.23
CCCCCCCCl,-4.0
Nc1ccccc1,-0.41000000000000014
Nc1ccccc1Cl,-1.52
CN(C(=O)NC(C)(C)c1ccccc1)c2ccccc2,-3.35
CC(C)I,-2.09
CCc1cccc2ccccc12,-4.17
COc1ccccc1O,-1.96
NS(=O)(=O)c3cc2c(NC(Cc1ccccc1)NS2(=O)=O)cc3C(F)(F)F,-3.59
C/C1CCC(\C)CC1,-4.47
c2ccc1[nH]ncc1c2 ,-2.16
COP(=S)(OC)SCC(=O)N(C(C)C)c1ccc(Cl)cc1,-4.432
CC(C)c1ccc(C)cc1O,-2.22
CCCCCCc1ccccc1,-5.21
Cc2cccc3sc1nncn1c23 ,-2.07
CN(C)C(=O)SCCCCOc1ccccc1,-3.927
CCCCCCCBr,-4.43
CCC(C)Cl,-1.96
C1CC=CC1,-2.1
Clc1c(Cl)c(Cl)c(N(=O)=O)c(Cl)c1Cl,-5.82
CCS,-0.6000000000000001
CCCOC(=O)c1ccc(N)cc1,-2.452
Cc1cc(ccc1NS(=O)(=O)C(F)(F)F)S(=O)(=O)c2ccccc2,-3.8
CN(C)C(=O)NC1CC2CC1C3CCCC23,-3.1710000000000003
CN2C(=O)CN=C(c1ccccc1)c3cc(ccc23)N(=O)=O,-3.796
Clc1ccc(cc1Cl)c2cc(Cl)c(Cl)c(Cl)c2Cl ,-7.82
CON(C)C(=O)Nc1ccc(Cl)cc1,-2.57
CCOP(=S)(OCC)ON=C(C#N)c1ccccc1,-4.862
COP(=S)(OC)Oc1ccc(SC)c(C)c1,-4.57
CC34CCC1C(CCC2=CC(=O)CCC12C)C3CCC4=O,-3.69
ClC(=C(Cl)C(=C(Cl)Cl)Cl)Cl,-4.92
CC2Cc1ccccc1N2NC(=O)c3ccc(Cl)c(c3)S(N)(=O)=O ,-3.5860000000000003
Oc1c(Br)cc(C#N)cc1Br ,-3.33
COP(=O)(OC)C(O)C(Cl)(Cl)Cl,-0.2200000000000002
NC(=O)c1cnccn1,-0.6669999999999998
CCC(C)C1(CC(Br)=C)C(=O)NC(=O)NC1=O ,-2.647
CCC=C,-1.94
Clc1ccccc1Br,-3.19
CC1(C)C(C=C(Br)Br)C1C(=O)OC(C#N)c2cccc(Oc3ccccc3)c2,-8.402000000000001
Cc1ccccc1N,-2.21
CCCC(O)C=C,-0.5899999999999999
CCCCN(CC)c1c(cc(cc1N(=O)=O)C(F)(F)F)N(=O)=O,-5.53
CC(=O)OC3(CCC4C2CCC1=CC(=O)CCC1C2CCC34C)C#C,-4.8
CC12CCC3C(CCC4=CC(=O)CCC34C)C2CCC1O,-4.02
CC(C)N(C(=O)CCl)c1ccccc1 ,-2.48
OC(c1ccc(Cl)cc1)(c2cncnc2)c3ccccc3Cl,-4.38
CCC(CC)CO,-1.17
O=C3CN=C(c1ccccc1)c2cc(ccc2N3)N(=O)=O,-3.796
COc2c1occc1cc3ccc(=O)oc23 ,-3.664
CCC1CCCCC1,-4.25
CC2Nc1cc(Cl)c(cc1C(=O)N2c3ccccc3C)S(N)(=O)=O ,-3.78
Cc1ccccc1N(=O)=O,-2.33
OC(C(=O)c1ccccc1)c2ccccc2,-2.85
CC(=O)Nc1nnc(s1)S(N)(=O)=O ,-2.36
CCC(O)C(C)C,-0.7000000000000002
CCCC(C)CO,-1.11
Oc1ccc(C=O)cc1,-0.96
Cc1cc(C)c(O)c(C)c1,-2.05
FC(F)(Cl)C(F)(Cl)Cl,-3.04
CCNc1nc(NC(C)C)nc(OC)n1,-2.084
CCCCCC,-3.84
Cn2c(=O)n(C)c1ncn(CC(O)CO)c1c2=O,-0.16999999999999993
COCC(=O)N(C(C)C(=O)OC)c1c(C)cccc1C ,-1.601
OC1CCCCCC1,-0.8799999999999999
c1ccccc1C(O)C(O)c2ccccc2,-1.93
c1ccccc1(OC(=O)NC),-1.803
COc1cc(cc(OC)c1O)C6C2C(COC2=O)C(OC4OC3COC(C)OC3C(O)C4O)c7cc5OCOc5cc67,-3.571
CCCCC(CC)C=O,-2.13
COc5cc4OCC3Oc2c1CC(Oc1ccc2C(=O)C3c4cc5OC)C(C)=C ,-4.42
CC(=O)CCC1C(=O)N(N(C1=O)c2ccccc2)c3ccccc3,-3.27
CC=C,-1.08
Fc1cccc(F)c1C(=O)NC(=O)Nc2cc(Cl)c(F)c(Cl)c2F ,-7.28
O=C1NC(=O)NC(=O)C1(CC=C)c1ccccc1,-2.369
CCCCC(CC)COC(=O)c1ccccc1C(=O)OCC(CC)CCCC,-6.96
CCN2c1cc(N(C)C)cc(C)c1NC(=O)c3cccnc23 ,-4.871
CC5(C)OC4CC3C2CCC1=CC(=O)C=CC1(C)C2(F)C(O)CC3(C)C4(O5)C(=O)CO ,-4.31
CCCN(CCC)c1c(cc(cc1N(=O)=O)C(F)(F)F)N(=O)=O,-5.68
CC1=CC(=O)CC(C)(C)C1 ,-1.06
CC12CC(O)C3C(CCC4=CC(=O)CCC34C)C2CCC1(O)C(=O)CO,-3.09
c2ccc1[nH]ccc1c2,-1.52
CC(=O)Nc1ccc(F)cc1,-1.78
CC(OC(=O)Nc1cccc(Cl)c1)C#C,-2.617
Clc1ccc(Cl)c(Cl)c1Cl,-4.57
O=c2c(C3CCCc4ccccc43)c(O)c1ccccc1o2 ,-2.84
CCC(C)CCO,-0.71
CCN(CC)c1ccccc1,-3.03
CNC(=O)Oc1ccccc1C2OCCO2,-1.57
Cc1ccnc(C)c1,0.3799999999999999
c1ccc2cnccc2c1,-1.4500000000000002
CNC(=O)Oc1ccc(N(C)C)c(C)c1,-2.36
CC(C)N(C(C)C)C(=O)SCC(Cl)=C(Cl)Cl,-4.88
CCC1(C(=O)NCNC1=O)c2ccccc2,-2.64
CC34CCC1C(CCc2cc(O)ccc12)C3CC(O)C4O ,-4.955
Clc1ccc(c(Cl)c1)c2c(Cl)ccc(Cl)c2Cl ,-7.43
COC(=O)Nc2nc1ccc(cc1[nH]2)C(=O)c3ccccc3,-3.88
c1ccc2c(c1)[nH]c3ccccc32,-5.27
CSCS(=O)CC(CO)NC(=O)C=Cc1c(C)[nH]c(=O)[nH]c1=O,-1.981
c1ccnnc1,1.0999999999999996
CCOC(=O)CCN(SN(C)C(=O)Oc1cccc2CC(C)(C)Oc21)C(C)C,-4.71
CCC(C)(C)Cl,-2.51
C=CC=C,-1.87
COc2cnc1ncncc1n2,-1.139
CCCCCCCC(=O)C,-2.58
Cc1ccc(C)c2ccccc12,-4.14
CCOC(=O)c1ccccc1C(=O)OCC,-2.35
Nc1nc(O)nc2nc[nH]c12 ,-3.401
CC(=O)N(S(=O)c1ccc(N)cc1)c2onc(C)c2C ,-3.59
CCCCC(O)CC,-1.47
CC34CCC1C(CCC2CC(=O)CCC12C)C3CCC4O ,-4.743
Oc1cc(Cl)c(Cl)c(Cl)c1Cl,-3.15
OCC1OC(CO)(OC2OC(COC3OC(CO)C(O)C(O)C3O)C(O)C(O)C2O)C(O)C1O,-0.41000000000000014
CCCN(CCC)c1c(cc(cc1N(=O)=O)S(N)(=O)=O)N(=O)=O,-5.16
Oc1ccccc1N(=O)=O,-1.74
Cc1ncnc2nccnc12,-0.46599999999999975
CCCCCCC#C,-3.66
CCCCCCCO,-1.81
CC(C)Nc1nc(Cl)nc(NC(C)C)n1,-4.43
CCC(=O)OC,-0.14000000000000012
CCCCCCCCCCCCCCCCCCCCCCCCCC,-8.334
CCOC(=O)CC(SP(=S)(OC)OC)C(=O)OCC,-3.37
CC(=O)Nc1ccccc1,-1.33
Clc1cccc(c1Cl)c2c(Cl)c(Cl)cc(Cl)c2Cl ,-8.6
CN(C)C=Nc1ccc(Cl)cc1C,-2.86
CC2(C)C1CCC(C)(C1)C2=O,-1.85
c1ccc(cc1)c2ccc(cc2)c3ccccc3,-7.11
Nc1ncnc2n(ccc12)C3OC(CO)C(O)C3O ,-1.95
CCOc1ccc(NC(=O)C)cc1,-2.35
O=C1NC(=O)NC(=O)C1(CC)CCC(C)C,-2.658
c1(C(C)(C)C)cc(C(C)(C)C)cc(OC(=O)NC)c1,-4.24
C1CCOCC1,-0.029999999999999805
ClC(Cl)Cl,-1.17
CCCCOC=O,-1.37
CC(=O)CC(c1ccc(Cl)cc1)c2c(O)c3ccccc3oc2=O,-5.839
Clc2c(Cl)c(Cl)c(c1ccccc1)c(Cl)c2Cl ,-7.92
CC(C)CCO,-0.5099999999999998
C/C=C/C=O,0.31999999999999984
CN(C)C(=O)Nc1ccc(c(Cl)c1)n2nc(oc2=O)C(C)(C)C,-4.328
CCOCC,-0.08999999999999986
CCCCO,0.0
Fc1cccc(F)c1C(=O)NC(=O)Nc2ccc(Cl)cc2,-6.02
Oc1c(Cl)cc(Cl)cc1Cl,-2.34
CCOP(=S)(NC(C)C)Oc1ccccc1C(=O)OC(C)C,-4.194
CC(C)=CCC/C(C)=C\CO,-2.46
c1ccccc1n2ncc(N)c(Br)c2(=O),-3.127
O=C1NC(=O)NC(=O)C1(CC)CC=C(C)C,-2.253
Cc1ccc(Br)cc1,-3.19
CCOC(=O)c1ccc(N)cc1,-2.616
CCOc1ccc(cc1)C(C)(C)COCc3cccc(Oc2ccccc2)c3,-8.6
C1Cc2cccc3cccc1c23,-4.63
CCOC(=O)CC,-0.6600000000000001
Cc1c2ccccc2c(C)c3ccccc13,-6.57
CCCCOCN(C(=O)CCl)c1c(CC)cccc1CC ,-4.19
CNC(=O)Oc1ccccc1C(C)C,-2.863
CN(=O)=O,0.2599999999999998
C(Cc1ccccc1)c2ccccc2,-4.62
COC(=O)c1ccccc1,-1.85
O(c1ccccc1)c2ccccc2,-3.96
CCC(C)CO,-0.46999999999999975
CC(C)N(C(C)C)C(=O)SCC(=CCl)Cl,-4.2860000000000005
Cc1ccncc1C,0.3599999999999999
C1CCCCC1,-3.1
OC1C(O)C(O)C(O)C(O)C1O,0.3500000000000001
Cc1cncc(C)c1,0.3799999999999999
COc1ccccc1Cl,-2.46
NC(=O)NCc1ccccc1 ,-0.9500000000000002
CCC(C)C(C)C,-4.28
Cc3cc2nc1c(=O)[nH]c(=O)nc1n(CC(O)C(O)C(O)CO)c2cc3C,-3.685
ClC(Cl)C(c1ccc(Cl)cc1)c2ccccc2Cl ,-6.51
Clc1ccc(c(Cl)c1)c2ccc(Cl)c(Cl)c2Cl ,-7.8
CC(C)CO,0.10000000000000009
CCCN(=O)=O,-0.7999999999999998
CC3C2CCC1(C)C=CC(=O)C(=C1C2OC3=O)C,-3.09
CN(C)C(=O)NC1CCCCCCC1,-2.218
Oc1c(Cl)cc(Cl)c(Cl)c1Cl,-3.1
CCCCCCBr,-3.81
CC(=O)OC3CCC4C2CCC1=CC(=O)CCC1(C)C2CCC34C ,-5.184
CCOP(=S)(CC)Oc1cc(Cl)c(Cl)cc1Cl,-5.752000000000001
ClCC#N,-0.09200000000000008
Nc1cc(nc(N)n1=O)N2CCCCC2 ,-1.989
CCCC,-2.57
Oc1cccc(c1)N(=O)=O,-1.0099999999999998
Clc1ccc(c(Cl)c1)c2cc(Cl)c(Cl)c(Cl)c2Cl ,-7.39
Brc1ccccc1,-2.55
C1CCCCCCC1,-4.15
c1c(OC)c(OC)C2C(=O)OCC2c1,-1.899
CCOC(=O)N(C)C(=O)CSP(=S)(OCC)OCC,-2.518
Cc1ccccc1Cl,-3.52
Clc1ccc2ccccc2c1,-4.14
Oc1ccc(c(O)c1)c3oc2cc(O)cc(O)c2c(=O)c3O ,-3.083
C=CCCC=C,-2.68
Nc1nc[nH]n1,0.5220000000000002
CCCCCC#C,-3.01
CC(=O)CC(c1ccccc1)c3c(O)c2ccccc2oc3=O ,-3.893
Cn1cnc2n(C)c(=O)n(C)c(=O)c12,-0.8759999999999999
COc1ccc(cc1)N(=O)=O,-2.41
CCNC(=S)NCC,-1.46
Oc2ncc1nccnc1n2,-1.947
COc1ccc(C=O)cc1,-1.49
BrC(Br)Br,-1.91
Clc1cccc(Cl)c1,-3.04
CCOC(=O)c1ccccc1S(=O)(=O)NN(C=O)c2nc(Cl)cc(OC)n2,-4.5760000000000005
Cc2c(N)c(=O)n(c1ccccc1)n2C,-0.6240000000000001
CC(Cl)(Cl)Cl,-2.0
CCC(C)(C)O,0.1499999999999999
C/C1CCCCC1\C,-4.3
CCOC(=O)c1ccccc1,-2.32
CC(C)c1ccc(C)cc1,-3.77
C1Cc2c3c1cccc3cc4c2ccc5ccccc54,-7.85
Clc1ccc(c(Cl)c1)c2c(Cl)c(Cl)c(Cl)c(Cl)c2Cl,-7.92
CCCCCc1ccccc1,-4.64
COP(=S)(OC)Oc1cc(Cl)c(Cl)cc1Cl,-5.72
C1OC1c2ccccc2 ,-1.6
O2c1ccc(N)cc1N(C)C(=O)c3cc(C)ccc23 ,-3.928
c1cC2C(=O)NC(=O)C2cc1,-2.932
Clc1ccc(cc1)c2cc(Cl)ccc2Cl ,-6.25
C=C,-0.3999999999999999
c1c(O)C2C(=O)C3cc(O)ccC3OC2cc1(OC),-2.943
CNC(=O)C=C(C)OP(=O)(OC)OC,0.6509999999999998
Cc1ccc(cc1)N(=O)=O,-2.49
Fc1cccc(Br)c1,-2.67
O=C1NC(=O)NC(=O)C1(CC)c1ccccc1,-2.322
CCCCN(C)C(=O)Nc1ccc(Cl)c(Cl)c1,-4.77
OC(Cn1cncn1)(c2ccc(F)cc2)c3ccccc3F,-3.37
CCCCCCl,-2.73
CC1(O)CCC2C3CCC4=CC(=O)CCC4(C)C3CCC21C,-3.999
CCc1ccccc1CC,-3.28
CNC(=O)ON=C(CSC)C(C)(C)C ,-1.62
CCC=O,0.5800000000000001
ClCCCl,-1.06
Nc3nc(N)c2nc(c1ccccc1)c(N)nc2n3,-2.404
CC(C)OC=O,-0.6299999999999999
CCOC(=O)c1cncn1C(C)c2ccccc2,-4.735
c2ccc1scnc1c2 ,-1.5
Clc1ccc(cc1)N(=O)=O,-2.92
FC(F)(F)c1cccc(c1)N2CC(CCl)C(Cl)C2=O,-4.047
Clc1cc(Cl)c(Cl)cc1Cl,-5.56
Nc2nc1[nH]cnc1c(=O)[nH]2 ,-3.583
ClC(Cl)=C(c1ccc(Cl)cc1)c2ccc(Cl)cc2,-6.9
Oc2ccc1CCCCc1c2 ,-1.99
Clc1cc(Cl)c(Cl)c(c1Cl)c2c(Cl)c(Cl)cc(Cl)c2Cl ,-9.15
OCC(O)C(O)C(O)C(O)CO ,0.06000000000000005
CCc1cccc(CC)c1N(COC)C(=O)CCl ,-3.26
c1c(NC(=O)c2ccccc2(I))cccc1,-4.21
Cc1cccc(N)c1,-0.8500000000000001
Cc1c2ccccc2c(C)c3ccc4ccccc4c13,-7.02
CCCCCOC(=O)C,-1.89
Clc1ccc(Cl)c(Cl)c1,-3.59
ClC(Cl)(Cl)Cl,-2.31
OCC2OC(OC1(CO)OC(CO)C(O)C1O)C(O)C(O)C2O ,0.79
Cc1cccc(C)c1C,-3.2
CC1=C(C(=O)Nc2ccccc2)S(=O)(=O)CCO1,-2.281
CC(C)CC(C)C,-4.26
ClCC,-1.06
CC(C)CCCO,-1.14
O=C1CNC(=O)N1 ,-0.3999999999999999
CCN2c1ccccc1N(C)C(=O)c3cccnc23 ,-3.324
CCN2c1ccccc1N(C)C(=O)c3ccccc23 ,-4.749
CCCCCCCCCCCCCCCCCCCC,-8.172
CCCCCCCCBr,-5.06
Clc1cccc(Cl)c1Cl,-4.0
CCN2c1nc(C)cc(C(F)(F)F)c1NC(=O)c3cccnc23 ,-4.207
COc1ccccc1OCC(O)COC(N)=O,-0.9849999999999999
CCCCCC=O,-1.3
CC1CCCCC1,-3.85
CNc1ccccc1,-1.28
O=C1N(COC(=O)CCCCCC)C(=O)C(N1)(c2ccccc2)c3ccccc3,-6.301
OC(Cn1cncn1)(Cn2cncn2)c3ccc(F)cc3F ,-1.8
Cc1c(C)c2c3ccccc3ccc2c4ccccc14,-7.01
CCCCC1C(=O)N(N(C1=O)c2ccc(O)cc2)c3ccccc3 ,-3.73
c1cc2ccc3ccc4ccc5cccc6c(c1)c2c3c4c56,-9.018
CC(C)C(=O)C,-0.1200000000000001
O=N(=O)c1cccc2ccccc12,-3.54
CCCCc1c(C)nc(NCC)[nH]c1=O,-3.028
Cn1cnc2n(C)c(=O)[nH]c(=O)c12 ,-2.523
c3ccc2nc1ccccc1cc2c3,-3.67
Nc2cnn(c1ccccc1)c(=O)c2Cl,-2.878
CCCCc1c(C)nc(nc1O)N(C)C ,-2.24
CC(=O)OC3(C)CCC4C2CCC1=CC(=O)CCC1(C)C2CCC34C ,-5.284
CCCCCCCCCCO,-3.63
OCC(O)COC(=O)c1ccccc1Nc2ccnc3cc(Cl)ccc23,-4.571000000000001
NS(=O)(=O)c1cc(ccc1Cl)C2(O)NC(=O)c3ccccc23,-3.451
CNC(=O)Oc1cc(C)cc(C)c1,-2.5810000000000004
Clc1ccccc1N(=O)=O,-2.55
CC12CCC(=O)C=C1CCC3C2CCC4(C)C3CCC4(O)C#C ,-5.66
CC12CCC(O)CC1CCC3C2CCC4(C)C3CCC4=O,-4.402
COC(C)(C)CCCC(C)CC=CC(C)=CC(=O)OC(C)C,-5.19
CNC(=O)Oc1ccccc1OC(C)C,-2.05
Clc1cccc(I)c1,-3.55
Clc1cc(Cl)cc(Cl)c1,-4.48
ClCBr,-0.8900000000000001
CCSCCSP(=S)(OC)OC,-3.091
Nc1nc(=O)[nH]cc1F,-0.972
NS(=O)(=O)c2cc1c(N=CNS1(=O)=O)cc2Cl ,-3.05
C1CCC=CC1,-2.59
CC(C)C(C(=O)OC(C#N)c1cccc(Oc2ccccc2)c1)c3ccc(OC(F)F)cc3,-6.876
CC(=O)C1(O)CCC2C3CCC4=CC(=O)CCC4(C)C3CCC21C,-3.817
O=C1NC(=O)NC(=O)C1(CC)C(C)CC,-2.39
CCC1(C(=O)NC(=O)NC1=O)C2=CCCCC2 ,-2.17
CCCCCC(C)(C)O,-1.7200000000000002
CC(C)NC(=O)N1CC(=O)N(C1=O)c2cc(Cl)cc(Cl)c2,-4.376
CCCCCCCCCO,-3.01
CCCC=C(CC)C=O,-2.46
Clc2ccc(Oc1ccc(cc1)N(=O)=O)c(Cl)c2,-5.46
O=C2NC(=O)C1(CCCCC1)C(=O)N2,-3.06
c1ccc2c(c1)c3cccc4c3c2cc5ccccc54,-8.23
CCCCC(C)CC,-5.16
COc1ncnc2nccnc12 ,-1.11
O=c1cc[nH]c(=O)[nH]1 ,-1.4880000000000002
CCCCCCC=C,-4.44
OCC1OC(C(O)C1O)n2cnc3c(O)ncnc23,-1.23
Oc1ccccc1Cl,-1.06
Clc1ccc(c(Cl)c1)c2cc(Cl)ccc2Cl ,-6.57
CC34CCC1C(CCC2CC(O)CCC12C)C3CCC4=O,-4.16
CCCCCCCC(C)O,-2.74
CCCC(C)C,-3.74
Oc1cc(Cl)c(Cl)cc1Cl,-2.21
C1CCc2ccccc2C1,-4.37
CC(C)CBr,-2.43
Oc1ccc(Cl)cc1C(=O)Nc2ccc(cc2Cl)N(=O)=O,-4.7
Cc1cc(C)c(C)c(C)c1C,-4.0
c1nccc(C(=O)NN)c1,0.008999999999999897
CCCCCCC,-4.53
OC1CCCCC1,-0.43999999999999995
CC34CCC1C(CCC2=CC(=O)CCC12O)C3CCC4(O)C#C,-4.57
Clc1ccccc1I,-3.54
C1C(O)CCC2(C)CC3CCC4(C)C5(C)CC6OCC(C)CC6OC5CC4C3C=C21,-7.32
OC(CC(c1ccccc1)c3c(O)c2ccccc2oc3=O)c4ccc(cc4)c5ccc(Br)cc5 ,-4.445
CCC(C)c1cc(cc(N(=O)=O)c1O)N(=O)=O ,-3.38
CC(C)O,0.43000000000000016
CCN(=O)=O,-0.2200000000000002
CCCCCCCCCCCCCC,-7.96
CCCCOCCCC,-1.85
ClCC(C)C,-2.0
CN(C)C(=O)Nc1ccc(C)c(Cl)c1,-3.483
O=C1N(COC(=O)CCCCC)C(=O)C(N1)(c2ccccc2)c3ccccc3,-5.886
CCCCCC(=O)OCC,-2.35
CC(C)c1ccc(NC(=O)N(C)C)cc1,-3.536
CCCCC1C(=O)N(N(C1=O)c2ccccc2)c3ccccc3 ,-3.81
Cc1ccc(Cl)cc1,-3.08
CC12CC2(C)C(=O)N(C1=O)c3cc(Cl)cc(Cl)c3,-4.8
CCOP(=S)(OCC)SCCSCC,-4.23
ClCc1ccccc1,-2.39
CCNc1nc(NC(C)(C)C)nc(SC)n1,-4.0
CCCCC(=O)OC,-1.34
CCN2c1cc(Cl)ccc1NC(=O)c3cccnc23 ,-5.36
CC(C)(C)CO,-0.3999999999999999
Cn1ccc(=O)[nH]c1=O,-0.8069999999999999
c2c(C)cc1nc(C)ccc1c2 ,-1.94
CCCCC(=O)CCCC,-2.58
Cc1cccc2c(C)cccc12,-4.678999999999999
Clc1cc(Cl)c(cc1Cl)c2cccc(Cl)c2Cl ,-7.21
CCCC1C(=O)N3N(C1=O)c2cc(C)ccc2N=C3N(C)C ,-3.5380000000000003
CC(C)OC(C)C,-1.1000000000000003
CC(C)Br,-1.59
CCN2c1nc(N(C)(CCO))ccc1NC(=O)c3cccnc23 ,-3.36
CCCBr,-1.73
CCC(C)(O)CC,-0.3599999999999999
ClCCC#N ,-0.29000000000000004
c2(Cl)c(Cl)c(Cl)c1nccnc1c2(Cl) ,-5.43
CN(C)C(=O)OC1=CC(=O)CC(C)(C)C1 ,-0.8500000000000001
Cc1cccc2ccccc12,-3.7
CC(C)(C)c1ccccc1,-3.66
NC(=O)N,0.96
O=C1NC(=O)NC(=O)C1(C(C)C)C(C)C,-2.766
CCCCCBr,-3.08
CCCCCl,-2.03
CC12CC(=O)C3C(CCC4=CC(=O)CCC34C)C2CCC1(O)C(=O)CO,-3.11
CCOP(=S)(OCC)SCn1c(=O)oc2cc(Cl)ccc12,-5.233
CC(C)C,-2.55
ClC(Cl)C(c1ccc(Cl)cc1)c2ccc(Cl)cc2 ,-7.2
CCCCc1c(C)nc(NCC)nc1OS(=O)(=O)N(C)C ,-4.16
Cc1occc1C(=O)Nc2ccccc2,-3.3
Clc2ccc1oc(=O)[nH]c1c2,-2.8310000000000004
c1(OC)ccc(CC=C)cc1,-2.92
N(Nc1ccccc1)c2ccccc2 ,-2.92
c1ccccc1O,0.0
O=C2NC(=O)C1(CC1)C(=O)N2 ,-1.886
CC(C)CC(=O)C,-0.7400000000000002
CCOP(=S)(OCC)Oc1nc(Cl)n(n1)C(C)C,-3.658
O=C1NC(=O)C(=O)C(=O)N1 ,-1.25
CSc1nc(NC(C)C)nc(NC(C)C)n1,-4.1
Clc1ccc(cc1)c2ccc(Cl)cc2 ,-6.56
Clc1cccc(Br)c1,-3.21
O=N(=O)c1cc(Cl)c(Cl)cc1,-3.2
CC(C)CC(C)(C)O,-0.9199999999999999
Oc1cccc2cccnc12 ,-2.42
Cc1cc(C)c(C)cc1C,-4.59
O=C1NC(=O)NC(=O)C1(CC)C(C)CCC,-2.39
CC(C)Oc1cc(c(Cl)cc1Cl)n2nc(oc2=O)C(C)(C)C,-5.696000000000001
CCCSCCC,-2.58
Cc1c(C)c(C)c(C)c(C)c1C,-5.23
O=C1CCCCC1,-0.6000000000000001
Oc1ccc(Cl)cc1,-0.7000000000000002
O=C2NC(=O)C1(CCCCCC1)C(=O)N2 ,-3.168
CCCCCCCCC(=O)OC,-3.38
CCCC#C,-1.64
Cc1ccc2cc3ccccc3cc2c1,-6.96
C1c2ccccc2c3ccccc13,-5.0
O=C2CN(N=Cc1ccc(o1)N(=O)=O)C(=O)N2 ,-3.38
COc1ccc(NC(=O)N(C)C)cc1Cl,-2.564
CCCCl,-1.47
CCCCCOC(=O)CC,-1.28
ClCCBr,-1.32
ClC2=C(Cl)C3(Cl)C1C=CCC1C2(Cl)C3(Cl)Cl ,-5.64
CCCO,0.6200000000000001
CC(=O)C3(C)CCC4C2C=C(C)C1=CC(=O)CCC1(C)C2CCC34C,-5.27
O2c1ccccc1N(CC)C(=O)c3ccccc23 ,-3.68
CC(C)c1ccccc1,-3.27
ClC(Cl)C(Cl)(Cl)SN2C(=O)C1CC=CCC1C2=O ,-5.4
CCN(CC)C(=O)CSc1ccc(Cl)nn1,-1.716
Fc1ccc(F)cc1,-1.97
CCC#N,0.28000000000000025
CCC(CC)C=O,-1.52
c1cc2ccc(OC)c(CC=C(C)(C))c2oc1=O ,-4.314
CC1(OC(=O)N(C1=O)c2cc(Cl)cc(Cl)c2)C=C,-4.925
Oc1ccncc1,1.0200000000000005
CC(C)C=C,-2.73
Cc1ccc(O)c(C)c1,-1.19
CCCC1COC(Cn2cncn2)(O1)c3ccc(Cl)cc3Cl,-3.4930000000000003
CC(Cl)CCl,-1.6
COCOC,0.48
CCBr,-1.09
O=C2NC(=O)C1(CCCC1)C(=O)N2,-2.349
CCCCC(=O)C,-0.7999999999999998
c1ccccc1,-1.64
COP(=O)(NC(C)=O)SC ,0.54
NC(=O)NC1NC(=O)NC1=O ,-1.6
ClC(Cl)(Cl)N(=O)=O,-2.0
CCC(=O)OC3CCC4C2CCC1=CC(=O)CCC1(C)C2CCC34C ,-5.37
C,-0.8999999999999999
c1ccc2c(c1)c3cccc4cccc2c34,-6.0
C=CCS(=O)SCC=C,-0.8300000000000001
CC34CCC1C(=CCc2cc(O)ccc12)C3CCC4=O,-5.282
CC12CCC3C(CCc4cc(O)ccc34)C2CCC1=O,-3.955
CC1(C)C(C=C(Cl)Cl)C1C(=O)OC(C#N)c2cccc(Oc3ccccc3)c2,-8.017000000000001
CN(C)C(=O)Nc1cccc(c1)C(F)(F)F,-3.43
CC1(C)C2CCC1(C)C(O)C2,-2.32
Brc1cccc2ccccc12,-4.35
CNC(=O)ON=C(SC)C(=O)N(C)C,0.10599999999999987
O=C(Nc1ccccc1)Nc2ccccc2,-3.15
CCCCCCCC#C,-4.24
CC(=C)C,-2.33
C(c1ccccc1)c2ccccc2,-4.08
Oc1ccc(O)cc1,-0.16999999999999993
COCCCNc1nc(NC(C)C)nc(SC)n1,-2.928
CC12CCC3C(CCc4cc(O)ccc34)C2CCC1O,-5.03
O=Cc2ccc1OCOc1c2 ,-1.63
CC=C(C(=CC)c1ccc(O)cc1)c2ccc(O)cc2,-4.95
O=C2NC(=O)C1(CCC1)C(=O)N2,-1.655
COC(=O)c1ccccc1C(=O)OC,-1.66
ClCCCCl,-1.62
Cc1cc(no1)C(=O)NNCc2ccccc2,-2.461
CCCCI,-2.96
c1cc2cccc3c4cccc5cccc(c(c1)c23)c54,-8.804
Cc1cc2ccccc2cc1C,-4.72
CC/C=C/C,-2.54
Oc1cccc2ccccc12,-2.22
CCC(=C(CC)c1ccc(O)cc1)c2ccc(O)cc2 ,-4.07
CSc1nc(nc(n1)N(C)C)N(C)C,-2.676
CCCCOC,-0.9900000000000002
Oc1cc(Cl)ccc1Oc2ccc(Cl)cc2Cl,-4.46
Sc2nc1ccccc1s2 ,-3.18
OCC(O)CO,1.12
c1ccc2cc3c4cccc5cccc(c3cc2c1)c45,-8.49
CCNc1nc(NC(C)(C)C)nc(OC)n1,-3.239
CC34CC(O)C1(F)C(CCC2=CC(=O)C=CC12C)C3CC(O)C4(O)C(=O)CO,-3.68
CCOP(=S)(OCC)Oc1nc(Cl)c(Cl)cc1Cl ,-5.67
CCOP(=S)(OCC)Oc1ccc(cc1)N(=O)=O,-4.66
CC(C)C(C)C,-3.65
Clc1cc(Cl)c(c(Cl)c1)c2c(Cl)cccc2Cl,-7.32
Nc3cc2c1ccccc1ccc2c4ccccc34 ,-6.2
CCN(CC)C(=S)SSC(=S)N(CC)CC,-4.86
COC=O,0.5800000000000001
Brc1ccc2ccccc2c1,-4.4
ClC(Cl)(Cl)C(NC=O)N1C=CN(C=C1)C(NC=O)C(Cl)(Cl)Cl ,-4.19
Cc1ccc2c(ccc3ccccc32)c1,-5.84
CCOC(=O)CC(=O)OCC,-0.8199999999999998
CC#C,-0.41000000000000014
CS(=O)(=O)c1ccc(cc1)C(O)C(CO)NC(=O)C(Cl)Cl ,-2.154
CC(=O)C3CCC4C2CC=C1CC(O)CCC1(C)C2CCC34C ,-4.65
CC(C)C1CCC(C)CC1O ,-2.53
COc1ccc(Cl)cc1,-2.78
CCN(CC)c1nc(Cl)nc(n1)N(CC)CC,-4.4110000000000005
OCC(NC(=O)C(Cl)Cl)C(O)c1ccc(cc1)N(=O)=O,-2.111
CCC(C)(C)CC,-4.23
CCc1ccc(CC)cc1,-3.75
CCOC2Oc1ccc(OS(C)(=O)=O)cc1C2(C)C,-3.42
c1(Br)c(Br)cc(Br)cc1,-4.5
O=N(=O)c1c(Cl)c(Cl)ccc1,-3.48
Clc1ccc(cc1Cl)c2ccccc2 ,-6.39
O2c1ccccc1N(C)C(=O)c3cccnc23 ,-3.672
CSc1nnc(c(=O)n1N)C(C)(C)C,-2.253
CCC(O)CC,-0.2400000000000002
Cc1ccc(N)cc1,-1.21
N(=Nc1ccccc1)c2ccccc2,-4.45
CON(C)C(=O)Nc1ccc(Br)c(Cl)c1,-3.924
OCC1OC(OC2C(O)C(O)C(O)OC2CO)C(O)C(O)C1O,-0.24399999999999977
CCCC(C)(C)O,-0.4900000000000002
Cc1ccc(OP(=O)(Oc2cccc(C)c2)Oc3ccccc3C)cc1,-6.01
Cc1ccc2ccccc2c1,-3.77
NS(=O)(=O)c2cc1c(NCNS1(=O)=O)cc2Cl ,-2.63
Clc1ccc(c(Cl)c1Cl)c2c(Cl)cc(Cl)c(Cl)c2Cl ,-7.66
c1ccc2c(c1)ccc3ccccc32,-5.26
Oc1c(Cl)c(Cl)c(Cl)c(Cl)c1Cl,-4.28
BrC(Cl)Cl,-1.54
Cc1cc2c3ccccc3ccc2c4ccccc14,-6.57
CN(C)C(=S)SSC(=S)N(C)C ,-3.9
CCC(C(CC)c1ccc(O)cc1)c2ccc(O)cc2,-4.43
Nc2cccc3nc1ccccc1cc23 ,-4.22
o1c2ccccc2c3ccccc13,-4.6
O=C(c1ccccc1)c2ccccc2,-3.12
Cc1ccc(C)cc1,-2.77
c1ccoc1,-0.8199999999999998
CCN2c1ncccc1N(C)C(=O)c3cccnc23 ,-2.62
BrCCBr,-1.68
c1ccc2c(c1)ccc3c2ccc4c5ccccc5ccc43,-7.87
OCC1OC(O)C(O)C(O)C1O,0.7400000000000002
O=C1NC(=O)NC(=O)C1(C)CC,-1.228
C1SC(=S)NC1(=O),-1.77
COP(=O)(OC)OC(Br)C(Cl)(Cl)Br,-2.28
CCCCOCCO,-0.41999999999999993
NC(N)=NC#N ,-0.31000000000000005
Nc3ccc2cc1ccccc1cc2c3 ,-5.17
FC(F)(F)C(Cl)Br ,-1.71
CCC(C)(C)C,-3.55
O=C1N(COC(=O)CC)C(=O)C(N1)(c2ccccc2)c3ccccc3,-4.907
CC(Cl)Cl,-1.29
CCCCOC(=O)CCCCCCCCC(=O)OCCCC,-3.896
CC(C)=CC3C(C(=O)OCc2cccc(Oc1ccccc1)c2)C3(C)C ,-5.24
CCC2NC(=O)c1cc(c(Cl)cc1N2)S(N)(=O)=O,-3.29
CC34CCC1C(CC=C2CC(O)CCC12C)C3CCC4=O,-4.12
O=N(=O)c1ccccc1,-1.8
CCCCCC=C,-3.73
Cc1cc(C)cc(C)c1,-3.4
Clc1ccccc1c2ccccc2,-4.54
CC(=O)C(C)(C)C,-0.7199999999999998
CCCCC(C)(C)O,-1.08
Clc1ccccc1C2=NCC(=O)Nc3ccc(cc23)N(=O)=O,-3.499
CC(C)(C)C(=O)C(Oc1ccc(Cl)cc1)n2cncn2,-3.61
Oc1ccc(Cl)c(Cl)c1Cl,-2.67
Nc1cccc(Cl)c1,-1.37
ClCCl,-0.6299999999999999
Cc1ccc(O)cc1C,-1.38
OC3N=C(c1ccccc1)c2cc(Cl)ccc2NC3=O ,-3.952
CC1=CCC(CC1)C(C)=C,-4.26
ClC4=C(Cl)C5(Cl)C3C1CC(C2OC12)C3C4(Cl)C5(Cl)Cl,-6.29
COc1ccc(cc1)C(c2ccc(OC)cc2)C(Cl)(Cl)Cl,-6.89
OC4=C(C1CCC(CC1)c2ccc(Cl)cc2)C(=O)c3ccccc3C4=O,-5.931
CCN2c1nc(Cl)ccc1N(C)C(=O)c3cccnc23 ,-4.114
Cc1cccc(c1)N(=O)=O,-2.44
c1cccc2c3c(C)cc4ccccc4c3ccc12,-6.59
CCOC(=O)NCCOc2ccc(Oc1ccccc1)cc2,-4.7
OC1C=CC2C1C3(Cl)C(=C(Cl)C2(Cl)C3(Cl)Cl)Cl ,-5.46
CCCCCCCCC=C,-5.51
c2ccc1[nH]nnc1c2,-0.7800000000000002
CCOP(=S)(OCC)SCSc1ccc(Cl)cc1,-5.736000000000001
ClC1=C(Cl)C2(Cl)C3C4CC(C=C4)C3C1(Cl)C2(Cl)Cl,-6.307
NC(=O)c1cccnc1 ,0.6099999999999999
C1=Cc2cccc3cccc1c23,-3.96
Clc1ccc(CN(C2CCCC2)C(=O)Nc3ccccc3)cc1,-5.915
NNc1ccccc1,0.06999999999999984
CC(C)C(O)C(C)C,-1.22
O2c1cc(C)ccc1N(C)C(=O)c3cc(N)cnc23 ,-3.043
Brc1cccc(Br)c1,-3.54
CCNc1nc(NC(C)C)nc(SC)n1,-3.04
c1cc2ccc3cccc4ccc(c1)c2c34,-6.176
Fc1ccccc1Br,-2.7
Oc1ccc(cc1)c2ccccc2,-3.48
Nc1nccs1 ,-0.3599999999999999
Cc1cc(cc(N(=O)=O)c1O)N(=O)=O,-1.456
c1cnc2c(c1)ccc3ncccc23,-2.68
CC1CCCCC1NC(=O)Nc2ccccc2,-4.11
CCCC(C)O,-0.29000000000000004
Nc1c(C)c[nH]c(=O)n1 ,-1.4580000000000002
CC1CC2C3CCC(O)(C(=O)C)C3(C)CC(O)C2(F)C4(C)C=CC(=O)C=C14,-4.099
Clc1cccc(Cl)c1c2ccccc2 ,-5.21
c1cncnc1,1.0999999999999996
CCN2c1ncccc1N(CC)C(=O)c3cccnc23 ,-2.86
ClC=C,-1.75
Cc2ncc1nccnc1n2,-0.1200000000000001
CCNc1nc(Cl)nc(n1)N(CC)CC,-4.06
C1CCCC1,-2.64
NC(=S)N,0.31999999999999984
CCCCCCCCCCCC(=O)OC,-4.69
CC1=C(CCCO1)C(=O)Nc2ccccc2 ,-2.56
c1ccc2c(c1)cnc3ccccc23 ,-2.78
CCCC(O)CCC,-1.4
Clc1cc(Cl)c(Cl)c(Cl)c1Cl,-5.65
COC(=O)c1ccccc1OC2OC(COC3OCC(O)C(O)C3O)C(O)C(O)C2O,-0.742
Oc1cc(Cl)cc(Cl)c1Cl,-2.67
CCC(C)CC,-3.68
c2ccc1nc(ccc1c2)c4ccc3ccccc3n4 ,-5.4
CC(C)CC(C)O,-0.7999999999999998
O=C1NCCN1c2ncc(s2)N(=O)=O,-3.22
Oc1ccc(Br)cc1,-1.09
O=c2[nH]c(=O)c1[nH]c(=O)[nH]c1[nH]2 ,-3.93
CCCCCC(=O)OC,-1.87
CCCCC(C)O,-0.8900000000000001
CC12CC(O)C3C(CCC4=CC(=O)CCC34C)C2CCC1C(=O)CO,-3.24
COP(=S)(OC)Oc1ccc(N(=O)=O)c(C)c1,-4.04
O=C1NC(=O)NC(=O)C1(C(C)CCC)CC=C,-2.356
Oc1cccc(Cl)c1Cl,-1.3
CCOP(=S)(OCC)N2C(=O)c1ccccc1C2=O,-3.35
N(c1ccccc1)c2ccccc2,-3.504
ClC(=C)Cl,-1.64
CC(C)COC(=O)C,-1.21
Cc1cc(=O)n(c2ccccc2)n1C,0.7149999999999999
CCC(C)C1(CC=C)C(=O)NC(=O)NC1=O,-2.016
CCCOC,-0.3900000000000001
CC(C)c1ccccc1C,-3.76
CCc1ccccc1,-2.77
CC(C)=CCCC(C)=CC(=O),-2.06
CC(=O)Nc1cc(NS(=O)(=O)C(F)(F)F)c(C)cc1C,-3.24
c2cnc1ncncc1n2,0.020000000000000018
C2c1ccccc1N(CCF)C(=O)c3ccccc23 ,-4.799
CCCCCCCI,-4.81
CCCC(C)(C)C,-4.36
Oc1ccc(Cl)cc1Cl,-1.55
CC34CCc1c(ccc2cc(O)ccc12)C3CCC4=O,-5.24
CCN2c1ncccc1N(C)C(=S)c3cccnc23 ,-4.634
NC(=N)NS(=O)(=O)c1ccc(N)cc1 ,-1.99
Oc1c(I)cc(C#N)cc1I,-3.61
CCCCC1(CC)C(=O)NC(=O)NC1=O,-1.661
Sc1nccc(=O)[nH]1 ,-2.273
CCCCC=C,-3.23
CC(C)C(=O)C(C)C,-1.3
ClC(Cl)(Cl)C(Cl)(Cl)Cl,-3.67
Cc1c(cccc1N(=O)=O)N(=O)=O,-3.0
Cn2c(=O)on(c1ccc(Cl)c(Cl)c1)c2=O,-2.82
Clc1ccc(Cl)cc1,-3.27
ClC1=C(Cl)C(Cl)(C(=C1Cl)Cl)C2(Cl)C(=C(Cl)C(=C2Cl)Cl)Cl,-7.278
CN(C)C(=O)Oc1cc(C)nn1c2ccccc2,-2.09
C=Cc1ccccc1,-2.82
Clc1ccc(Cl)c(c1)c2c(Cl)c(Cl)cc(Cl)c2Cl ,-7.42
CCCCCCCCCCCCCCCCCCO,-8.4
Clc1cccc2ccccc12,-3.93
CCCCCCCCCCCCO,-4.8
CN(C)C(=O)Nc1ccccc1,-1.6
CCSCC,-1.34
Cc1ccc(O)cc1,-0.73
CC1CC2C3CC(F)C4=CC(=O)C=CC4(C)C3(F)C(O)CC2(C)C1(O)C(=O)CO,-5.613
c1ccncc1,0.7599999999999998
Clc1ccc(Cl)c(c1)c2ccc(Cl)c(Cl)c2,-7.25
O=N(=O)c1cccc(c1)N(=O)=O,-2.29
CCOP(=S)(OCC)Oc1ccc(cc1)S(C)=O ,-2.3
Cc1cccc(O)c1,-0.6800000000000002
c1ccccc1SC,-2.39
COc1cc(CC=C)ccc1O,-1.56
ClC(Br)Br,-1.9
CCC(C)(C)CO,-1.04
C1Cc2ccccc2C1,-3.04
CCC(=O)C,0.52
CCCCCCCCCC(=O)OCC,-4.1
Cc1cc(C)cc(O)c1,-1.4
CCOc2ccc1nc(sc1c2)S(N)(=O)=O ,-3.81
COc1ccccc1,-1.85
ClCC#CCOC(=O)Nc1cccc(Cl)c1,-4.37
